gt_id,frame_idx,speed_kmh
2,107,30.02652525901792
2,108,40.24641484022137
2,109,33.558053076267214
2,110,35.55288434028623
2,111,31.332246065139746
2,112,30.88155716657636
2,113,26.285071671009625
2,114,25.548145473003366
2,115,25.394226908683756
2,116,24.874210953712442
2,117,18.967986702918992
2,118,18.73393043875693
2,119,18.792287260293946
2,120,17.46603280305861
2,121,16.949290484189973
2,122,17.506872117519364
2,123,12.602711766958226
2,124,12.933401316404332
4,246,27.682526707649824
4,247,35.41662007570185
4,248,34.72547113895491
4,249,34.15112704038541
4,250,29.781323075295127
4,251,26.94713473320065
4,252,26.31232559680878
4,253,23.57355684042027
4,254,22.510860264300778
4,255,22.463163882494452
4,256,22.611504793166592
4,257,19.44578871130985
4,258,16.52915731072388
4,259,18.52150216698686
4,260,15.51705524325335
4,261,16.940817385912304
4,262,14.756435751914637
4,263,13.54898303747206
4,264,11.077426001429302
6,276,29.0080985426909
6,277,33.865343034266644
6,278,34.34948980808331
6,279,32.0207235217087
6,280,27.77263015508711
6,281,25.711247920989397
6,282,25.455442965031214
6,283,21.901848614215346
6,284,23.062775731087225
6,285,23.214430510997236
6,286,18.802442103624745
6,287,20.854492932557577
6,288,15.221793651581134
6,289,18.949818760156194
6,290,16.383752077818265
6,291,14.736586064099926
6,292,14.887377172708828
6,293,11.41926750540707
6,294,10.21918013691924
7,281,31.944398581980924
7,282,37.61783123016438
7,283,38.14169347286136
7,284,31.03437602520055
7,285,34.36516195535581
7,286,28.878303766251225
7,287,25.598069429396993
7,288,26.12733632326182
7,289,22.79072463512368
7,290,22.271495908499237
7,291,20.756033062934396
7,292,16.797001361847283
7,293,19.17905509471849
7,294,16.410697549581876
7,295,11.737997084855762
7,296,15.558469891548489
8,296,31.53503715992041
8,297,32.96725094318314
8,298,30.76409786939687
8,299,31.10097527503896
8,300,23.967149555683648
8,301,26.21229797601756
8,302,24.119069874286097
8,303,23.083965182304876
8,304,20.295021682977207
8,305,20.22142052650495
8,306,16.30003631114922
8,307,15.413568913936945
8,308,16.670383661985014
8,309,16.903855204582577
8,310,14.232318699359565
8,311,14.398095309734652
8,312,16.06860324740373
8,313,9.667807146907059
8,314,10.46044886112189
9,314,28.50420266389781
9,315,39.69931125640954
9,316,36.0943982005111
9,317,36.94774568080981
9,318,35.58628320693887
9,319,30.459498167038618
9,320,28.685088157653148
9,321,25.47564268112237
9,322,28.240973353385275
9,323,24.250683188438934
9,324,22.596216201781704
9,325,19.745608717203563
9,326,18.62069562077562
9,327,20.86079210042905
9,328,16.489164233208054
9,329,17.09945529699286
9,330,12.468400150537757
10,373,29.748790562153495
10,374,35.260853469370986
10,375,34.869739115238936
10,376,32.85202324390482
10,377,31.359293460845226
10,378,28.78718107938828
10,379,25.95587342977464
10,380,24.315439760685486
10,381,23.319750130176008
10,382,22.839674949646483
10,383,21.825228631495925
10,384,19.510499686003147
10,385,18.286469578742558
10,386,17.2084133327011
10,387,19.723509997128986
10,388,15.144157111645068
10,389,16.023735255002606
10,390,10.893413722515339
11,385,29.26514804363183
11,386,31.659285128117286
11,387,30.712210536002402
11,388,30.691992044449506
11,389,27.39772707223829
11,390,22.811340093613158
11,391,22.870662510394524
11,392,24.133148789406338
11,393,21.003205329179277
11,394,18.6917781829838
11,395,17.48848423361738
11,396,17.51555442810096
11,397,16.78722068667373
11,398,15.019060224294982
11,399,16.29416495561562
11,400,12.626993805170327
12,432,7.418377250432468
12,433,12.053353786468763
12,434,10.54874718189262
12,435,15.981414020061836
12,436,9.442562609910327
12,437,14.226576089859313
12,438,6.795870065689232
13,436,27.952799499032995
13,437,33.9448678493507
13,438,35.26395142078475
13,439,32.48283863067696
13,440,27.655701935289425
13,441,30.059315264225646
13,442,25.921651124954778
13,443,23.375295996666456
13,444,20.408362448214106
13,445,19.740890711546367
13,446,18.43972966074983
13,447,18.929255604744363
13,448,20.015884190796452
13,449,14.665964841842966
13,450,15.449699610472056
13,451,15.337512195110648
13,452,11.75970420241381
13,453,6.978934183716303
14,479,37.52835810184559
14,480,31.09567523002691
14,481,35.99144965410309
14,482,33.22811990976109
14,483,28.076240122318865
14,484,25.446242988110132
14,485,28.228809535503988
14,486,24.403287470339084
14,487,22.8552210330968
14,488,20.758742094040358
14,489,22.241294234991546
14,490,18.926416486500415
14,491,16.07071414589916
14,492,17.529086172581092
14,493,12.917324155569352
14,494,11.902468800543934
15,575,29.54396367073122
15,576,33.15987378358912
15,577,30.425643324852636
15,578,30.73812335729392
15,579,28.695387840271607
15,580,23.183552920818826
15,581,23.667332231998948
15,582,24.093395769594473
15,583,21.038020402193517
15,584,21.392329484224778
15,585,19.673386216164054
15,586,16.213923990725377
15,587,18.57741683721582
15,588,16.598052531481144
15,589,12.49400585889843
15,590,18.733120411633184
15,591,10.613385066390265
15,592,13.215521425009056
16,708,31.494849622250275
16,709,29.553582072258628
16,710,37.450716197491495
16,711,31.24289631843356
16,712,28.13438504934371
16,713,28.461684286595
16,714,25.963013470173436
16,715,26.869079768655872
16,716,24.966047108173903
16,717,21.18531122803733
16,718,23.152184486389654
16,719,17.487491816281093
16,720,19.129220992327145
16,721,17.669596374035258
16,722,18.328628540039453
16,723,18.940779715775165
16,724,12.062848806381483
16,725,12.300479114055896
17,749,30.316890478134802
17,750,38.69665592908942
17,751,36.21691614389497
17,752,35.47511100769118
17,753,34.18330013751753
17,754,28.71041089296402
17,755,28.162408769131307
17,756,27.1985140442854
17,757,23.16894024610363
17,758,27.252970933914767
17,759,20.582276880741556
17,760,18.39813664555589
17,761,20.136086046694352
17,762,20.827036499977556
17,763,15.769456475973465
17,764,16.55168116092717
17,765,12.971282154320795
17,766,12.57779538631466
18,757,28.482525050638184
18,758,32.83194690942834
18,759,32.88950711488794
18,760,30.650715529919324
18,761,28.443732261655796
18,762,26.168599426746926
18,763,22.66927152872134
18,764,25.910806953907567
18,765,23.350185155866953
18,766,19.056405723095345
18,767,17.926521152258303
18,768,16.641434580088017
18,769,19.347044527529366
18,770,14.584060907364202
18,771,15.36424174904856
18,772,15.56331127882037
18,773,13.608790934084928
18,774,8.886411264538953
20,868,30.090742707253142
20,869,35.03039002418593
20,870,34.057442843914764
20,871,31.434443593020298
20,872,32.80503898859094
20,873,27.96485602855742
20,874,28.42222630977691
20,875,22.425722926855567
20,876,22.187574952841278
20,877,25.120909810066756
20,878,20.39043992757841
20,879,19.50970575213474
20,880,18.407669216391547
20,881,16.83333322405851
20,882,18.84912729263346
20,883,18.989239186048913
20,884,14.662809222936945
20,885,11.636003404855977
21,870,29.68771129846636
21,871,31.438016295428135
21,872,30.484735071659742
21,873,25.730699300766542
21,874,27.32546299696027
21,875,21.985439658165447
21,876,26.354516744614212
21,877,22.204264998436447
21,878,19.59949269890827
21,879,18.42820286750833
21,880,17.31557831167904
21,881,17.293450087309253
21,882,18.005335181951907
21,883,15.483064949512812
21,884,14.411455392837832
21,885,13.741317540407474
21,886,13.411208689213085
21,887,9.884083718061659
22,936,34.68640208244398
22,937,35.726160407067105
22,938,36.88767492770572
22,939,34.5640262961395
22,940,29.35620367527071
22,941,29.172721803188946
22,942,27.736954092980024
22,943,25.68422734737451
22,944,25.45237720012719
22,945,20.48035159707113
22,946,20.507066398855816
22,947,20.70491284132048
22,948,17.60795652866401
22,949,17.12763592600859
22,950,16.49268597364461
22,951,14.095953851938548
22,952,12.545186430216102
23,2117,2.45194053277335
23,2120,8.290008902550412
23,2122,6.183399707079066
24,1851,6.916130930184237
24,1854,6.459375768900437
24,1855,8.728192448614664
24,1859,3.6982904747129277
24,1860,3.089259043335432
24,1861,5.33035196364032
24,1862,5.154455378650813
24,1863,3.621037490666633
24,1864,2.9775839298958893
24,1867,4.279948174953299
24,1868,4.444088414312294
24,1869,3.2394536957139675
24,1870,6.360894888640716
24,1871,1.370131457224274
24,1872,4.597114808858356
24,1873,3.9144030958407963
24,1874,5.433195233346113
24,1875,1.8454442918297744
24,1876,3.528884164988443
24,1877,4.995068125427763
24,1878,1.8727749958631452
24,1879,2.8841210156684896
24,1880,2.03878713771669
24,1881,3.5919361934072964
24,1882,3.5136120021337742
24,1883,3.3952397480613787
24,1884,3.90171155333458
24,1885,1.066074231639338
24,1886,1.4390222355726245
24,1887,3.4886734932655608
24,1888,1.423807404935643
24,1889,1.053607994690373
24,1891,1.6140687279403554
24,1892,1.0793385934082969
24,1893,1.0132166929545035
24,1894,1.379700489341997
24,1895,2.0855237916116094
24,1896,1.7012108489868365
24,1897,2.4462736956780056
24,1898,2.708755675702864
24,1899,1.9312285445634392
24,1900,0.4944640165194096
24,1901,1.000533197074972
24,1902,1.0515383351596301
24,1903,1.314460532739553
24,1904,1.1208377312871065
24,1905,0.0
24,1906,1.1712861433627553
24,1907,0.8049667160956794
24,1924,0.23179025115335944
24,1925,0.4424128169193173
24,1926,0.7642569020389316
24,1927,0.7691129576416353
24,1928,1.9191334582862236
24,1929,0.4813672089950208
24,1930,0.0
24,1931,0.0
24,1932,0.0
24,1933,0.5181577708573181
24,1934,0.0
24,1935,0.5181577708571339
24,1936,0.8304787147791847
24,1937,1.124131735414091
24,1938,0.8317165542395578
24,1939,0.0
24,1940,0.8317165542395578
24,1941,0.0
24,1942,0.4935728106646959
24,1943,0.0
24,1944,0.0
24,1945,0.4934657737613707
24,1946,0.0
24,1947,0.0
24,1948,0.0
24,1949,0.7483181264252959
24,1950,0.0
24,1951,0.0
24,1952,0.0
24,1953,0.0
24,1954,0.0
24,1955,2.1649347804483368
24,1956,0.48765053506950307
24,1957,0.8304787147788896
24,1958,0.5181577708573181
24,1959,0.0
24,1960,0.528555773198522
24,1961,1.057670703157993
24,1962,1.6162445023653367
24,1963,1.1774510331454235
24,1964,0.7341357786207243
24,1965,0.48765053506950307
24,1966,0.8317833580075394
24,1967,0.4813672089948498
24,1968,0.0
24,1969,0.0
24,1970,0.0
24,1971,2.2480691783126656
24,1972,0.4934657737613707
24,1973,0.74831812642503
24,1974,0.0
24,1975,0.0
24,1976,0.0
24,1977,0.0
24,1978,0.0
24,1979,0.0
24,1980,0.4962831828742444
24,1981,1.8282513320449651
24,1982,0.4876505350693298
24,1983,0.5190710630268892
24,1984,0.823072632774582
24,1985,1.954566780477457
24,1986,0.0
24,1987,0.0
24,1988,0.0
24,1989,0.8304625377057685
24,1990,0.0
24,1991,0.0
24,1992,0.4876505350693298
24,1993,0.0
24,1994,0.8317165542392623
24,1995,0.49357281066487124
24,1996,0.7476137951015257
24,1997,0.0
24,1998,0.4962831828742444
24,1999,0.0
24,2000,0.7005274062975146
24,2001,0.0
24,2002,0.0
24,2003,0.0
24,2004,0.0
24,2005,0.0
24,2006,1.2945134472104503
24,2007,1.5662208013234076
24,2008,0.5282713333145835
24,2009,0.0
24,2010,1.1774510331450052
24,2011,0.5200838483871065
24,2012,0.0
24,2013,0.0
24,2014,0.0
24,2015,0.8304625377060636
24,2016,0.0
24,2017,0.8304625377057685
24,2018,0.4938522214070945
24,2019,1.5662208013234076
24,2020,0.8230726327748744
24,2021,0.0
24,2022,0.5181577708573181
24,2023,0.4813672089948498
24,2024,0.0
24,2025,1.9191334582862236
24,2026,0.8330092951654086
24,2027,0.0
24,2028,0.0
24,2029,1.5800335071984097
24,2030,1.5800335071978484
24,2031,0.4872857965529934
24,2032,0.0
24,2033,0.4872857965529934
24,2034,0.0
24,2035,1.1240550410000714
24,2036,0.4813672089950208
24,2037,0.0
24,2038,0.769277410581861
24,2039,0.0
24,2041,0.415926296263942
24,2042,0.4813672089948498
24,2043,1.1205023713412132
24,2044,0.4874574579297734
24,2045,0.4872857965529934
24,2046,0.487113925628288
24,2047,0.0
24,2048,0.8357626665382271
24,2049,0.0
24,2050,0.4458885407074589
24,2051,0.0
24,2052,0.4200257174671532
24,2053,0.0
24,2054,0.0
24,2055,1.1077062226830183
24,2056,0.0
24,2057,1.8293751776215557
24,2058,1.3074761442842702
24,2059,0.5187038099392438
24,2060,0.9455810207872104
24,2061,1.262167850509537
24,2062,0.9309207368640637
24,2063,0.97474325448294
24,2064,1.5336872823533998
24,2065,1.1651463992896014
24,2066,1.5754045173523348
24,2067,1.5154048427937048
24,2068,0.48745745792994666
24,2069,0.0
24,2070,1.1205023713412132
24,2071,1.5154048427937048
24,2072,0.9743997640909703
24,2073,0.487113925628288
24,2074,0.834360709414052
24,2075,0.8343607094137557
24,2076,0.4872857965528204
24,2077,0.4872857965529934
24,2078,0.0
24,2079,0.834360709414052
24,2080,1.1311248410491368
24,2081,0.0
24,2082,1.4181011728940178
24,2083,1.4181011728945216
24,2084,0.0
24,2085,0.0
24,2086,0.0
24,2087,0.0
24,2088,1.4931721799078574
24,2089,0.0
24,2090,0.5282713333145835
24,2091,0.0
24,2092,0.7257296517490207
24,2093,0.0
24,2094,0.0
24,2095,1.9925015978519114
24,2096,17.376818507907057
24,2097,9.664133861662881
24,2098,3.6789540946477866
24,2099,16.1492693424257
24,2100,8.8744653761373
24,2101,3.017157912253862
24,2102,0.8413519710304027
24,2103,14.66976687311897
24,2104,8.273397088052489
24,2105,4.610758535563225
24,2106,1.365818129852686
24,2107,0.0
24,2108,0.0
24,2109,0.4207508778198896
24,2110,0.8648292627184231
24,2111,1.524179019034212
24,2112,0.9621121454982445
24,2113,0.8358011394740814
24,2114,1.957195680588178
24,2115,0.4813242936507825
24,2116,0.0
24,2117,1.9313579611477218
24,2118,0.7129912544043291
24,2119,1.2027582619337347
24,2120,0.0
24,2121,1.3511675689367328
24,2122,27.799851894384194
24,2123,8.08293946087234
24,2124,3.419979438186372
24,2125,7.558632642029535
24,2126,18.5415530204744
24,2127,9.256468266250545
24,2128,3.5433077439660257
24,2129,0.8429612964393385
24,2130,0.0
24,2131,0.8311628457160458
26,2161,4.051134064794392
26,2162,1.0904612950978958
26,2163,2.6370987854903225
26,2164,3.916581720113142
26,2165,7.8854128718391845
26,2166,6.282876804470034
26,2167,5.947881639002824
26,2168,7.523821592332429
26,2169,4.705424420534829
26,2170,7.2250282019391125
26,2171,3.095599114894383
26,2172,6.741907373072058
26,2173,5.361018665134069
26,2174,7.412877380849405
26,2175,5.893118977545771
26,2176,6.733520776032349
26,2177,5.892903059722165
26,2178,5.958619862793945
26,2179,4.795870855451585
26,2180,6.748671233652967
26,2181,7.076158896090008
26,2182,8.43601003289091
26,2183,7.364718317986999
26,2184,7.91196942329283
26,2185,6.71739935874834
26,2186,4.498347155750693
26,2187,6.382673084734873
26,2188,8.148421570660306
26,2189,4.399880915879516
26,2190,7.030958309771029
26,2191,5.586841553448757
26,2192,7.032355740665291
26,2193,5.664087161422903
26,2194,5.548979826270667
26,2195,8.582307100297728
26,2196,7.094318121670568
26,2197,4.710312746466143
26,2198,7.456585317848948
26,2199,7.4220699816956985
26,2200,6.248677298425651
26,2201,4.598072692751166
26,2202,6.975979059936004
26,2203,6.788758188485038
26,2204,6.436795368791907
26,2205,6.543100699781348
26,2206,7.6706229150310525
26,2207,6.182061284779536
26,2208,4.963453263045345
26,2209,7.4684540927398455
26,2210,5.532178133725255
26,2211,5.575008317829288
26,2212,5.702368319033686
26,2213,7.496599182488026
26,2214,7.9382704943406095
26,2215,4.204808212817552
26,2216,4.302568361162467
26,2217,7.43667460977915
26,2218,6.343286186457942
26,2219,4.8868564143769255
26,2220,3.893429227174103
26,2221,4.4192199781530155
26,2222,5.1433808729062775
26,2223,7.3515372723329495
26,2224,3.689127378166456
27,2220,7.456526309253269
27,2221,10.534062758086465
27,2222,15.333424508574675
27,2223,16.16471350192771
27,2224,14.079081416132867
27,2225,15.039965361354385
27,2226,13.091789782045225
27,2227,12.158567458393609
27,2228,13.578373342750334
27,2229,13.779851496222378
27,2230,12.763496786353977
27,2231,9.832313060762456
27,2232,12.876476794479265
27,2233,9.401098340751611
27,2234,9.809623584149735
27,2235,11.83935374021345
27,2236,9.98837538063725
27,2237,6.7981760948885785
27,2238,11.202614083888376
27,2239,12.520221769807767
27,2240,6.488009467722277
27,2241,9.784359857438465
27,2242,9.78670008480396
27,2243,9.151513427497777
27,2244,6.81569024920357
27,2245,8.173099234701828
27,2246,10.155564174054465
27,2247,12.168417871000804
27,2248,5.830641612409634
27,2249,7.124242857099997
27,2250,8.518327027557948
27,2251,7.449059039353161
27,2252,7.001780569554769
27,2253,7.529485747216955
27,2254,8.626806959511567
27,2255,5.981160476802844
27,2256,8.00226598978202
27,2257,3.7961827218526634
27,2258,8.947716504337183
27,2259,4.300101734697146
27,2260,7.096767649053418
27,2261,8.284174874426583
27,2262,5.992291644214647
27,2263,5.3488608822237165
27,2264,6.08296439051533
27,2265,4.715032763780102
27,2266,3.263164758681741
27,2267,5.468020364641289
28,2264,13.86649087071202
28,2265,18.701241016391663
28,2266,13.304498344657725
28,2267,18.40574607252787
28,2268,14.579337537291567
28,2269,11.257122606037287
28,2270,12.541664689781777
28,2271,15.02736434340242
28,2272,16.524262279275366
28,2273,11.807403266428055
28,2274,9.5405638217945
28,2275,12.361323684452032
28,2276,10.87897539138624
28,2277,12.455866187813376
28,2278,6.92380942404162
28,2279,14.72092330456073
28,2280,10.830196067689156
28,2281,8.712919950486963
28,2282,5.804720073937463
28,2283,9.279681444169938
28,2284,7.411581873892579
28,2285,8.310431689022671
28,2286,7.596371993424019
28,2287,8.556720837949369
28,2288,8.043323904277495
28,2289,9.829895049332036
28,2290,6.607742607594852
28,2291,9.07306954264499
28,2292,6.353571787475547
28,2293,8.306194469334349
28,2294,5.120911672710572
28,2295,5.1546354219327695
28,2296,8.344541341065057
28,2297,6.275265365840253
28,2298,5.968372374772093
28,2299,4.5161084085711884
28,2300,6.3657530397166795
28,2301,9.174643456934449
28,2302,4.461632408202582
28,2303,5.4159184545270085
28,2304,7.19723515212679
30,2287,17.725560665127844
30,2288,17.148111909631325
30,2289,24.516103863712292
30,2290,16.481947749856417
30,2291,19.020552635189897
30,2292,13.694306463001018
30,2293,22.278202772144937
30,2294,13.531190603969366
30,2295,13.018934279682842
30,2296,21.38610005378389
30,2297,11.738563030960512
30,2298,11.391368508337148
30,2299,12.469088137152292
30,2300,12.83013761043348
30,2301,14.00185525417109
30,2302,10.955867618324552
30,2303,11.847531795499858
30,2304,14.460354745390909
30,2305,13.607724756000298
30,2306,13.473926782610713
30,2307,8.597490414975729
30,2308,7.7468472719207915
30,2309,11.50972902774631
30,2310,11.945869624612849
30,2311,10.295842364432476
30,2312,9.722654297946363
30,2313,6.809517145158216
30,2314,8.427520841358776
30,2315,11.588044166567247
30,2316,8.861195147036122
30,2317,9.858157485721955
30,2318,7.287647053600808
30,2319,7.883769348262508
30,2320,5.68677529692763
30,2321,7.248761057852565
30,2322,7.378278896214046
31,2319,12.17885702848244
31,2320,20.784088969234787
31,2321,15.35722106694935
31,2322,21.70053273439839
31,2323,19.635870158669263
31,2324,17.370530068877816
31,2325,17.550453990695118
31,2326,17.34614074229923
31,2327,13.196886777880433
31,2328,15.165000557897105
31,2329,13.165515661242242
31,2330,13.746306449172733
31,2331,13.100069761278851
31,2332,12.515314668415021
31,2333,11.607884466650413
31,2334,11.757243275640556
31,2335,9.121360033749108
31,2336,11.015122309329318
31,2337,10.446565747259415
31,2338,11.57626256346933
31,2339,13.115567564962245
31,2340,9.120274409653572
31,2341,13.452927768228337
31,2342,8.458994552491774
31,2343,7.630294561387627
31,2344,9.9345407634958
31,2345,8.701269105078522
31,2346,7.338383048771664
31,2347,9.858551099898392
31,2348,8.331773355601916
31,2349,5.423295199872142
31,2350,5.324248597025039
31,2351,8.713110387323924
32,2332,19.371535778042627
32,2333,18.560855537656664
32,2334,22.77453213929774
32,2335,22.724675238128924
32,2336,17.625063657764127
32,2337,21.19886443018582
32,2338,19.691324830059155
32,2339,14.612946957347495
32,2340,16.741861850026602
32,2341,14.006626904008582
32,2342,14.578898996112452
32,2343,17.035401463511995
32,2344,14.434290379283555
32,2345,13.828556388619313
32,2346,11.64663165807542
32,2347,12.516296356918918
32,2348,13.465051352975648
32,2349,13.496190458538834
32,2350,10.361828729508687
32,2351,10.027346536515577
32,2352,11.467918753626243
32,2353,10.089369267223688
32,2354,12.24942326545959
32,2355,10.595260709522499
32,2356,8.840123042466015
32,2357,10.636257603762871
32,2358,9.438222795726748
32,2359,9.181994721292014
32,2360,10.84878779947588
32,2361,7.882574424149174
32,2362,6.7860169708718185
32,2363,6.677180975676912
33,2334,15.838283300397306
33,2335,14.176539480683973
33,2336,10.275134369732994
33,2337,11.980464756486928
33,2338,12.672021389010089
33,2339,18.582307845351178
33,2340,12.994236499073706
33,2341,8.737374991177148
33,2342,14.387712478635446
33,2343,14.150279313328697
33,2344,10.402179881928726
33,2345,10.075444579126456
33,2346,9.958519712088936
33,2347,10.999137014152808
33,2348,10.834544599054551
33,2349,10.265912264587538
33,2350,8.475087136028872
33,2351,11.521680951116668
33,2352,9.45146419108102
33,2353,9.169547259806153
33,2354,9.062853679062739
33,2355,9.643038958309573
33,2356,7.939327955247552
33,2357,8.545513227580642
33,2358,8.130261674524972
33,2359,7.198024392126865
33,2360,8.767306432126583
33,2361,6.854788139463835
33,2362,9.179451316593642
33,2363,8.760574758054569
33,2364,7.2105751186598
33,2365,6.2877497077000735
33,2366,8.752536848186079
33,2367,6.458317413925115
33,2368,5.769326314331249
33,2369,5.67917659878642
33,2370,8.420463949443585
33,2371,5.992913246153848
33,2372,5.371971465648289
33,2373,6.081946492194179
33,2374,5.7266074419033
33,2375,4.8277851194135755
33,2376,5.004876293241195
33,2377,5.297024175525765
34,2390,22.08579316735707
34,2391,26.819751262660603
34,2392,27.455236315722942
34,2393,28.177139461046103
34,2394,24.718366563316298
34,2395,19.247393757108703
34,2396,23.799213767047977
34,2397,17.354853898290273
34,2398,18.224894106385243
34,2399,19.516985267404625
34,2400,15.702977925536562
34,2401,17.661642283198457
34,2402,15.9211581945451
34,2403,16.986750215289323
34,2404,14.239268302920314
34,2405,13.498070687053477
34,2406,13.861107677224057
34,2407,15.333168357608304
34,2408,12.29957655072457
34,2409,8.9854846894727
34,2410,12.78793439268866
34,2411,11.496253609659576
34,2412,10.833785533903336
34,2413,10.911646708848263
34,2414,7.794697210191463
34,2415,9.814681559803054
34,2416,7.590373903511769
35,2402,16.87842786312439
35,2403,17.151856273410022
35,2404,19.948851764206086
35,2405,20.184974670407
35,2406,18.084597140554212
35,2407,17.157694101330936
35,2408,18.678434193138024
35,2409,14.9477885663486
35,2410,11.755341589449
35,2411,14.66658040881449
35,2412,13.929954618213383
35,2413,13.578097075226625
35,2414,12.24594712257194
35,2415,15.506604015830264
35,2416,12.58456796407503
35,2417,11.302997767923497
35,2418,9.390266239644966
35,2419,12.017138600347549
35,2420,12.271713763477859
35,2421,10.33090621232825
35,2422,10.476981997492015
35,2423,12.236651927230831
35,2424,11.38563528657186
35,2425,9.651702493427676
35,2426,8.179971054195079
35,2427,7.459799274803692
35,2428,7.675112932919257
35,2429,7.272424846889035
35,2430,8.456536307929625
35,2431,6.598607674242379
35,2432,6.652841940521154
35,2433,5.029240809382009
35,2434,3.510650172829079
36,2463,21.090576946739578
36,2464,17.16637238859862
36,2465,20.158259868625837
36,2466,16.05391547083604
36,2467,15.910626500842469
36,2468,15.66388741135909
36,2469,17.872855514285156
36,2470,11.705279499294702
36,2471,12.691425830123825
36,2472,12.721588611605315
36,2473,12.46728837489887
36,2474,12.603398412468556
36,2475,10.397255346177383
36,2476,15.678695887324743
36,2477,8.069630339743313
36,2478,11.401189416645176
36,2479,10.958656445147788
36,2480,9.527230560778081
36,2481,8.964063897730705
36,2482,9.292116835711933
36,2483,7.9501862078920915
36,2484,7.020510435103272
36,2485,8.692371547220779
36,2486,8.657484725119405
36,2487,7.186834216116736
36,2488,10.30085138976779
36,2489,8.368883058427457
36,2490,6.893674135209502
36,2491,7.539102137087598
36,2492,6.402226388453436
36,2493,6.962240114809468
36,2494,8.539997264741517
36,2495,6.963072940708592
36,2496,4.247152917086414
36,2497,6.421828642488803
36,2498,4.329996295272627
36,2499,5.888177007437925
37,2505,31.177372634405987
37,2506,38.92739027739346
37,2507,37.37392991780651
37,2508,35.69015711546654
37,2509,32.13307857512926
37,2510,30.442667305464756
37,2511,27.465130984788637
37,2512,25.14438182115162
37,2513,21.630427837376132
37,2514,20.09026050567313
37,2515,19.7073617577592
37,2516,20.78891158103618
37,2517,17.820784449574546
37,2518,15.886652916673007
37,2519,14.680733084676355
37,2520,13.729486316445222
40,2579,19.200602620843895
40,2580,34.61224973201211
40,2581,32.68186390400583
40,2582,32.906115353102315
40,2583,29.31132495403873
40,2584,26.99549227952535
40,2585,26.96539521216925
40,2586,23.37673902512062
40,2587,24.214776456352265
40,2588,22.892442047600532
40,2589,17.74482294916829
40,2590,17.65152633190506
40,2591,16.455915570256522
40,2592,18.451086133715606
40,2593,15.39567589760133
40,2594,15.246528983113768
40,2595,16.601307392123665
40,2596,13.012766540048473
40,2597,10.517613440754122
41,2596,20.347579568621317
41,2597,12.397591173651302
41,2598,23.14281821250554
41,2599,18.487810939554077
41,2600,13.451632261274144
41,2601,19.113485813137885
41,2602,17.265682518485644
41,2603,14.528393000362033
41,2604,14.601460397246406
41,2605,13.975237011907302
41,2606,13.400804400446697
41,2607,12.21103683113861
41,2608,13.180745244028806
41,2609,14.314810037610677
41,2610,11.658437401054467
41,2611,11.851974874737238
41,2612,10.214575454591108
41,2613,10.039294436575979
41,2614,8.620943650601946
41,2615,11.57096788287393
41,2616,10.065751075743057
41,2617,10.503130182622222
41,2618,11.286856234075886
41,2619,10.023913979528768
41,2620,7.5696149468437
41,2621,6.831549480556374
41,2622,9.776995852591552
41,2623,7.85823002457496
41,2624,7.580981478096563
41,2625,7.731684744356854
41,2626,6.79845370352162
41,2627,5.246598310769649
41,2628,6.657647117971333
42,2613,31.941075325018563
42,2614,37.48655319213282
42,2615,29.074190855032032
42,2616,31.20020627974976
42,2617,28.023714423175246
42,2618,24.326066672806814
42,2619,23.491588532920982
42,2620,23.06676685810548
42,2621,22.014792412516016
42,2622,21.562884449963093
42,2623,17.278066277501267
42,2624,18.04111585021378
42,2625,18.022477179762884
42,2626,16.274816840884526
42,2627,14.620152711871196
42,2628,14.726531803605639
42,2629,11.574682742359556
42,2630,11.566935181615928
43,2628,33.496960401532775
43,2629,26.740714609628277
43,2630,27.988899350161947
43,2631,22.945007979874408
43,2632,22.992515265938028
43,2633,23.11855763197405
43,2634,18.606977462765645
43,2635,21.554729193445652
43,2636,15.875063091519655
43,2637,14.376400262115139
43,2638,18.03520157933594
43,2639,13.301742374894923
43,2640,15.691585242751382
43,2641,12.168586850164418
43,2642,11.562559157608131
43,2643,11.704890578987543
44,2664,30.193414986128857
44,2665,30.02580910921694
44,2666,31.131134033198258
44,2667,28.72016340493707
44,2668,27.269479930406273
44,2669,22.088802605863933
44,2670,21.03436857462348
44,2671,24.165198504920998
44,2672,19.409596323970842
44,2673,20.208828896280945
44,2674,18.6140812933482
44,2675,18.538142591711964
44,2676,15.862030237910654
44,2677,16.812539398673543
44,2678,14.585981369016276
44,2679,14.767328202727395
44,2680,14.861914962527813
44,2681,8.616477772595212
44,2682,12.968231141565203
44,2683,10.598468631508075
45,2727,31.64894789457951
45,2728,30.9155514836263
45,2729,33.030993640429394
45,2730,33.01710516213855
45,2731,27.431622147565577
45,2732,26.07219278812001
45,2733,23.158865869049865
45,2734,24.69887763261409
45,2735,20.928905457254952
45,2736,18.833105117086344
45,2737,18.219941407439244
45,2738,19.45565387607008
45,2739,17.472433894869937
45,2740,15.19236981869046
45,2741,14.823106080291337
45,2742,15.537208020684673
45,2743,13.958131223919784
45,2744,10.813389346001843
46,2761,31.30995690823224
46,2762,27.875023484225682
46,2763,27.584124505525356
46,2764,26.235563457008073
46,2765,23.629660606388978
46,2766,20.186090469357197
46,2767,17.63232305645667
46,2768,21.258076876406133
46,2769,18.459227979180312
46,2770,17.386938482526425
46,2771,16.639785021540902
46,2772,15.997550189498268
46,2773,14.609642475841147
46,2774,15.631982535126937
46,2775,14.55754861235391
46,2776,14.252632409331955
46,2777,12.715402096512463
46,2778,13.096671402452328
46,2779,11.741785705091905
46,2780,10.554397255180616
46,2781,8.902172595264298
48,2803,34.099438190454876
48,2804,33.002079427248844
48,2805,37.32182532548321
48,2806,29.005673825746584
48,2807,30.700352489943477
48,2808,27.893192768102477
48,2809,24.179840683933293
48,2810,23.203717768188667
48,2811,26.60233408213191
48,2812,21.109558939930476
48,2813,16.403764039281295
48,2814,21.929925978180318
48,2815,18.092983067039278
48,2816,13.92288833856365
48,2817,16.6247458755944
48,2818,18.055693656209723
48,2819,13.126163631675576
48,2820,12.336372435095381
49,2860,29.876772165293794
49,2861,32.59748429060631
49,2862,31.368048191065654
49,2863,30.077637434011724
49,2864,26.5455892682034
49,2865,23.788120150570833
49,2866,24.9985983967742
49,2867,24.413278698917388
49,2868,20.888241827492102
49,2869,22.727196514602923
49,2870,15.75097739696816
49,2871,20.168783515688606
49,2872,16.035899072888704
49,2873,16.081223040816656
49,2874,16.39297887683241
49,2875,13.789544999597302
49,2876,14.305607378480582
49,2877,10.458603501321967
49,2878,9.650857597587985
50,2878,27.274543941016702
50,2879,33.98195207119664
50,2880,28.569487631316488
50,2881,34.39341098070829
50,2882,32.0702639222095
50,2883,27.649806439882056
50,2884,26.272513568397233
50,2885,27.809776067729416
50,2886,20.8482246100944
50,2887,22.630384862419408
50,2888,23.322145342831483
50,2889,18.797249346968574
50,2890,21.352241188291984
50,2891,14.89021494984394
50,2892,14.399988949296608
50,2893,17.89443925023435
50,2894,15.641840994355617
50,2895,17.475733011964458
50,2896,11.144237145779774
50,2897,12.014404088261134
52,2918,28.41444790363877
52,2919,28.956782519812826
52,2920,29.243161976343252
52,2921,34.562580585474336
52,2922,26.557251513009586
52,2923,27.55964666604565
52,2924,25.04573017359278
52,2925,24.472904205318443
52,2926,20.077305436131198
52,2927,21.365821212534385
52,2928,23.842467069622128
52,2929,19.96726915240685
52,2930,17.63230696320258
52,2931,18.404273539785233
52,2932,15.187685340640554
52,2933,13.472882062199412
52,2934,16.529121100899975
52,2935,14.322809725997594
52,2936,15.921113938096354
52,2937,11.772704869506903
52,2938,10.9573347866557
53,2953,24.758318066593116
53,2954,33.058531880385296
53,2955,30.7111644744825
53,2956,29.194198250776378
53,2957,25.88409215211464
53,2958,26.08214646578354
53,2959,21.837391108271046
53,2960,23.6036914586984
53,2961,21.880162954334796
53,2962,20.06847292184516
53,2963,19.349819272760428
53,2964,17.986051440236142
53,2965,15.204526931050465
53,2966,15.862385630605127
53,2967,16.353881657121008
53,2968,13.437137603762439
53,2969,16.406133770940123
53,2970,12.97986522317191
53,2971,14.107306301591576
53,2972,10.744087100031129
53,2973,10.86623087525198
53,2974,8.144989013673497
54,3033,23.941156268124576
54,3034,27.097810506816444
54,3035,25.931966900821447
54,3036,26.806428730493156
54,3037,25.788457989688656
54,3038,20.852863490585662
54,3039,21.214401125904583
54,3040,18.21727931499844
54,3041,22.001945972439188
54,3042,18.243387937542924
54,3043,15.263146609070954
54,3044,15.046100914475948
54,3045,17.34263375401842
54,3046,12.38453954458043
54,3047,15.579773336652039
54,3048,14.888522475955543
54,3049,13.204403668644671
54,3050,11.987814009187732
54,3051,12.305362075565322
54,3052,13.469190001490412
54,3053,9.604009464381624
54,3054,5.831340327860085
54,3055,9.90831345319593
55,3101,31.854010820383813
55,3102,34.160471856600886
55,3103,33.83470952510305
55,3104,29.448544085031646
55,3105,29.007951021189925
55,3106,27.771841585641663
55,3107,24.580128192897767
55,3108,23.87976318598269
55,3109,21.942450553175355
55,3110,21.231906563040276
55,3111,20.20573094487592
55,3112,15.948316901919732
55,3113,16.299788206818963
55,3114,18.05700391530708
55,3115,13.905908614399817
55,3116,15.07109642028573
55,3117,10.965098440645411
55,3118,11.715754866602367
56,3178,34.08902049064103
56,3179,34.933363795287406
56,3180,45.30642628669031
56,3181,35.80018132925746
56,3182,30.579148828978532
56,3183,31.175658702856545
56,3184,26.19603037833758
56,3185,27.496531605716225
56,3186,25.744185447697994
56,3187,24.588547646995515
56,3188,20.843825787309978
56,3189,16.75517499446607
56,3190,19.523777961734844
56,3191,15.29265359043836
56,3192,19.2979024350613
56,3193,14.547521173956904
56,3194,12.868249118326084
57,3222,28.84396344423868
57,3223,32.73724079132731
57,3224,38.69151145217824
57,3225,31.42016083002716
57,3226,34.24573659897532
57,3227,29.19316291807589
57,3228,27.694073617463854
57,3229,23.704306483273456
57,3230,24.78546738625066
57,3231,24.818742871271787
57,3232,20.285923630003197
57,3233,21.14491716027681
57,3234,18.957570344199972
57,3235,17.26767003536568
57,3236,16.99497252703051
57,3237,19.322291761640578
57,3238,14.194647073738466
57,3239,13.229436725380669
58,3227,31.578030288203298
58,3228,33.17596435547535
58,3229,32.800720632082786
58,3230,27.6279866695459
58,3231,30.156290531143018
58,3232,23.295883834366666
58,3233,22.957351505760943
58,3234,22.2130519151574
58,3235,21.027557104830155
58,3236,18.91004025936503
58,3237,17.258706092837908
58,3238,18.58457297085765
58,3239,19.705476164821732
58,3240,14.497135877612138
58,3241,15.273518711331544
58,3242,15.09340703486624
58,3243,9.928780719639848
58,3244,11.861220449211574
59,3257,33.363504409796676
59,3258,38.080407679088545
59,3259,38.5157436132234
59,3260,31.938999295241036
59,3261,30.84162175655979
59,3262,28.664040863519652
59,3263,24.72116947172808
59,3264,24.34150546789654
59,3265,24.190303981308983
59,3266,24.134624004368817
59,3267,21.527597308147865
59,3268,18.60240027308834
59,3269,18.02721396088959
59,3270,16.809552758923513
59,3271,15.747671574357305
59,3272,15.95386907458623
59,3273,11.594350039961261
59,3274,12.623851597302654
62,3385,37.6070514321402
62,3386,33.4243449568815
62,3387,39.634986519821425
62,3388,36.9993111491014
62,3389,29.572464823728723
62,3390,32.229066789156654
62,3391,27.244953811174092
62,3392,28.547206521019636
62,3393,23.786644935612642
62,3394,22.784180045132402
62,3395,18.60143199562075
62,3396,19.997985810045407
62,3397,20.941234230999346
62,3398,17.84815236926434
62,3399,15.91703966259142
62,3400,13.725973963740218
63,3470,35.863202512245905
63,3471,38.62046509981924
63,3472,36.54467672110331
63,3473,34.975994825370115
63,3474,29.857747256740552
63,3475,31.851650476462027
63,3476,24.475750029091937
63,3477,27.45058804749038
63,3478,24.79217022657888
63,3479,23.77209663391586
63,3480,20.206417590383733
63,3481,17.086976319542728
63,3482,19.58137169480713
63,3483,18.825199306014945
63,3484,16.536894142619257
63,3485,12.009943574669368
64,3479,24.40527498722562
64,3480,33.51878553629589
64,3481,32.67413109539268
64,3482,29.078332185751027
64,3483,26.00516438484709
64,3484,26.358309388147223
64,3485,24.625814259057176
64,3486,21.29206448793835
64,3487,20.091463476423446
64,3488,19.14925709365819
64,3489,20.25449350476668
64,3490,18.349103182557897
64,3491,16.220774352553732
64,3492,17.039926350108015
64,3493,13.693154454233987
64,3494,15.429847240451068
64,3495,12.685807943337627
64,3496,11.11661843955738
64,3497,9.79865401983456
65,3500,35.244964063174585
65,3501,32.60043740273171
65,3502,32.82336652277221
65,3503,33.34653407335944
65,3504,29.08877134323699
65,3505,27.069435417657516
65,3506,27.11304008959337
65,3507,23.210232853894084
65,3508,20.517060309652596
65,3509,19.643918126811467
65,3510,20.216705203060357
65,3511,20.337527990345233
65,3512,15.286114364865483
65,3513,16.70533820985893
65,3514,16.07551664114318
65,3515,11.483090668918987
65,3516,13.55797246098788
66,3509,28.47367107866738
66,3510,37.38796055317669
66,3511,38.752432465561
66,3512,41.023778021343766
66,3513,34.883222579938206
66,3514,31.9821265339915
66,3515,29.26763445139514
66,3516,23.93044352531909
66,3517,29.4823130965082
66,3518,23.696101605896896
66,3519,20.724958330396962
66,3520,22.431748509395568
66,3521,16.423949003222873
66,3522,18.831340223554545
66,3523,16.87498793006279
66,3524,18.563474714746516
66,3525,13.919365257027534
67,4564,1.3811843376609452
67,4565,0.84666366688924
67,4566,0.6439594505356043
67,4567,2.1478430740524272
67,4568,3.074489794672147
67,4569,4.926143065095928
67,4570,8.038444295521439
67,4571,4.329469576478866
67,4572,6.634232103825935
67,4573,9.293858259918155
67,4574,6.063240095969913
67,4575,4.326191917062666
67,4576,1.3633624836805194
67,4577,2.38372290506837
67,4578,11.062089800836857
67,4579,5.304341241718394
67,4580,1.585584674030858
67,4581,6.395960077640122
67,4582,4.42528847605078
67,4583,6.5832050889743545
67,4584,5.568765141067041
67,4585,2.7467716299002864
67,4586,3.4080546721822844
67,4587,4.485721662641464
67,4588,4.20294776558661
67,4589,10.37871122360436
67,4590,8.593490570785324
67,4591,4.389289543033519
67,4592,3.5403003171068197
67,4593,7.668500617148017
67,4594,4.172347784043188
67,4595,3.846354112027108
67,4596,6.369905769826249
67,4597,10.94418056309441
67,4598,5.317681543530092
67,4599,8.296441957350302
67,4600,5.071994215251024
67,4601,6.841092109681537
67,4602,3.518985137341607
67,4603,4.726668857038962
67,4604,9.23044882714932
67,4605,11.142586916687321
67,4606,5.444625467059211
67,4607,6.683201864363093
67,4608,3.6385519802577586
67,4609,6.966868937011969
67,4610,6.449629068375917
67,4611,7.153837680818074
67,4612,7.19129003584528
67,4613,6.101029738780715
67,4614,7.08047792315624
67,4615,5.392368324102044
67,4616,8.686768412591755
67,4617,9.244054332370798
67,4618,8.315576165916191
67,4619,6.655733361841572
67,4620,8.051986768837624
67,4621,8.546646460892472
67,4622,7.72678032517587
67,4623,5.222758837045278
67,4624,5.744803547856253
67,4625,5.118493996561592
67,4626,4.454363286496095
68,4637,13.792467266323927
68,4638,12.633081078522894
68,4639,12.918960303070731
68,4640,11.138422116639447
68,4641,13.276984244587679
68,4642,12.37872853874527
68,4643,8.516560792924668
68,4644,10.580361038448531
68,4645,10.432604178780942
68,4646,13.886813968422791
68,4647,11.315381526949272
68,4648,7.920588701965001
68,4649,10.492976009840365
68,4650,8.859632089735841
68,4651,9.225020036103176
68,4652,10.55497258901056
68,4653,9.719268009068516
68,4654,8.787709325553736
68,4655,10.415094718339132
68,4656,6.770781353112572
68,4657,8.421598523856884
68,4658,10.493499040605727
68,4659,7.2925876826010585
68,4660,9.302513748409215
68,4661,9.984390288593373
68,4662,7.023247629405465
68,4663,9.611818045372814
68,4664,7.643940970303149
68,4665,7.257759198547854
68,4666,9.356512650849297
68,4667,6.911211088296215
68,4668,8.226989507676809
68,4669,8.500718995930455
68,4670,7.0620591938459505
68,4671,5.1083944737921385
68,4672,8.797485306860768
68,4673,8.428290635349043
68,4674,5.156919322905287
68,4675,9.052009508015527
68,4676,10.337024331094891
68,4677,2.660560905932019
68,4678,4.703294411302549
68,4679,4.422442652285979
69,4642,8.753722384567551
69,4643,11.141086891295743
69,4644,15.920592248442958
69,4645,9.423233270640322
69,4646,15.948622673753096
69,4647,14.881204068663697
69,4648,9.508621394636139
69,4649,7.967989370222783
69,4650,15.04228010773958
69,4651,14.960120022299883
69,4652,12.400218397372578
69,4653,6.211234331132218
69,4654,8.943327739836565
69,4655,7.810642272235517
69,4656,10.920417532319204
69,4657,10.773761048915146
69,4658,8.8868464529532
69,4659,8.659499734635691
69,4660,7.862670421601906
69,4661,8.30565065145658
69,4662,8.468387648464935
69,4663,11.597823500627307
69,4664,8.695643842222037
69,4665,6.440832763911575
69,4666,5.828309431673256
69,4667,8.478342667217685
69,4668,7.698187306524855
69,4669,5.02473134547572
69,4670,8.504002690310896
69,4671,6.141608878971368
69,4672,4.92689073085883
69,4673,10.01700729131898
69,4674,7.068308070298394
69,4675,5.806212052704059
69,4676,6.2204966694128965
69,4677,6.602985039349993
69,4678,7.02312424779078
69,4679,6.235087215901662
69,4680,5.592527836562316
69,4681,5.099947527048363
69,4682,5.238172486425489
69,4683,5.126246251166887
69,4684,4.888911321756723
69,4685,5.905644223095162
69,4686,7.4011863023057405
69,4687,6.604509204627398
69,4688,5.980631411072532
69,4689,4.889152720571537
69,4690,5.9644623845827525
69,4691,6.512581184507712
69,4692,6.009020581838395
69,4693,4.284589514137167
69,4694,3.812816105783744
69,4695,4.382108263669156
71,4723,14.305270761254295
71,4724,13.650817126028707
71,4725,12.386480122807106
71,4726,13.070855140688636
71,4729,12.580271959304334
71,4730,11.211361438038196
71,4731,9.356290698046667
71,4732,13.038066476586076
71,4733,10.754760950805895
71,4734,10.698165670031797
71,4735,7.24781893193866
71,4736,8.652289956809811
71,4737,10.448559299113445
71,4738,13.093138933175064
71,4739,9.967665374281005
71,4740,6.102351397277139
71,4741,8.89353722334085
71,4742,8.50534714757961
71,4743,5.4850091412674375
71,4744,6.62474177777899
71,4745,8.5114692896561
71,4746,7.508529648186269
71,4747,6.324850693346328
71,4748,8.25044408440754
71,4749,5.535268709060698
71,4750,7.061577066780542
71,4751,9.350708350541069
75,4828,30.882423520094342
75,4829,25.906660258775144
75,4830,17.387816905978802
75,4831,18.42021122573864
75,4832,30.632621347910302
75,4833,14.441850185397161
75,4834,21.568404436100415
75,4835,13.069249838593223
75,4836,17.614471614364316
75,4837,16.91244095564225
75,4838,14.48730558156226
75,4839,15.456555336716868
75,4840,14.551229327919993
75,4841,13.415399640801237
75,4842,14.84480649232105
75,4843,12.637115120890272
75,4844,13.522045612337896
75,4845,12.227446585887375
75,4846,11.971059590580461
75,4847,10.368113815786517
75,4848,10.822980254890687
75,4849,10.560783594841324
75,4850,12.99924552440902
75,4851,8.637526407839587
75,4852,7.09629289805526
75,4853,9.16854210198108
76,4829,69.19140636922306
76,4830,20.19586443901464
76,4832,27.587689161296346
76,4833,15.788760334256452
76,4834,25.016869604574755
76,4835,14.954394847157591
76,4836,14.23685967922494
76,4838,21.786877065893584
76,4839,20.513373613361626
76,4840,12.807189971211121
76,4841,14.926709085705866
76,4842,12.75818467139545
76,4843,14.793072044852337
76,4844,11.774905622007806
76,4845,13.17171558737081
76,4846,13.072510063650824
76,4847,13.418496251108932
76,4848,10.002888813616837
76,4849,11.441254913801062
76,4850,9.866150468589838
76,4851,9.793724790217441
76,4852,11.932337880128479
76,4853,7.719629555942165
76,4854,11.697741150858347
76,4855,7.3050981760039555
76,4856,8.99452306329744
76,4857,13.26920986175801
76,4858,10.079900398852446
76,4859,5.296127982434901
76,4860,6.689201965929409
76,4861,6.945421323181581
77,4872,26.52155667543939
77,4873,26.655508875852167
77,4874,25.9588345885144
77,4875,21.091881841425323
77,4876,23.06103765964967
77,4877,19.441802948703355
77,4878,19.12230625749015
77,4879,19.057749509815196
77,4880,15.656976699832216
77,4881,17.486232519140835
77,4882,18.40607061982521
77,4883,17.01136887073855
77,4884,14.217117279760718
77,4885,14.408471435311325
77,4886,13.743999749424807
77,4887,13.800260424616697
77,4888,13.617724031202979
77,4889,12.523951381447423
77,4890,10.71288160979961
77,4891,12.8096173703696
77,4892,11.459776908153394
77,4893,12.841514199974707
77,4894,12.256313860418851
77,4895,9.216587170953805
78,4891,28.83067041636087
78,4892,32.85472691057432
78,4893,31.729381978518123
78,4894,40.744637846954824
78,4895,29.441798329338273
78,4896,25.79452514648951
78,4897,21.000389009718305
78,4898,20.17465084791585
78,4899,19.184860736121852
78,4900,19.45447772741705
78,4901,20.005567073826004
78,4902,13.683440834276828
78,4903,19.231897294525158
78,4904,15.84141477942782
78,4905,15.421231985095233
78,4906,12.895842343562204
78,4907,10.739830434324494
78,4908,11.26977324486003
78,4909,10.23714624344779
79,4895,7.157179042693291
79,4896,5.097471177578987
79,4897,2.2625438869003984
79,4904,2.5165188099656683
79,4905,5.941039994360199
79,4906,17.086819410315357
79,4907,22.15148180723631
79,4908,23.656962811951576
79,4909,23.437563478934695
79,4910,18.501078486446247
79,4911,20.74198096990998
79,4912,22.47286945581883
79,4913,17.8371003270058
79,4914,13.554567396643474
79,4915,15.775125324729245
79,4916,14.795695245268906
79,4917,19.661015868176893
79,4918,14.333733022215835
79,4919,15.730774998667986
79,4920,17.298208326092453
79,4921,13.466902077200709
79,4922,15.333791971209715
79,4923,13.036483973267288
79,4924,14.519553780548298
79,4925,10.596181377770625
79,4926,15.7402150332959
79,4927,11.039769127959325
79,4928,11.813328266146149
79,4929,11.054788827898319
79,4930,9.893385618927063
79,4931,10.373273044819294
79,4932,9.758563712241207
80,4910,2.037471234798354
80,4911,19.111761152748095
80,4912,26.180940270429097
80,4913,27.771530449376204
80,4914,17.819000780585974
80,4915,26.158377528195818
80,4916,25.103507637982595
80,4917,22.23846852778251
80,4918,19.394070357088133
80,4919,23.30055087805258
80,4920,19.403129518022148
80,4921,17.67485216260308
80,4922,17.33093127608644
80,4923,17.116620093587468
80,4924,16.008600890628255
80,4925,14.303438812497124
80,4926,15.592527240517857
80,4927,13.41984003781586
80,4928,13.543539494278741
80,4929,12.289447188379825
80,4930,12.352117002012802
80,4931,8.353373184795874
80,4932,9.286688715221347
82,4990,21.76623210311369
82,4991,25.806117653851878
82,4992,25.80709934233299
82,4993,24.181930124764488
82,4994,25.14136701822781
82,4995,24.799916446196267
82,4996,19.1297359764614
82,4997,17.470651566985744
82,4998,19.612314999107447
82,4999,17.904014736404797
82,5000,16.602158993485894
82,5001,17.437715381387367
82,5002,14.492360204450822
82,5003,14.016058892014431
82,5004,15.206189900639698
82,5005,11.793111115696393
82,5006,14.324499517671887
82,5007,11.621209681036401
82,5008,13.230897188189278
82,5009,9.477534592146792
82,5010,13.844900429251565
82,5011,8.343467786909809
82,5012,7.3025380074992405
82,5013,10.793882310384951
83,5026,25.16707867384458
83,5027,27.34665781258138
83,5028,27.17609882355277
83,5029,23.349664807324288
83,5030,25.336755216126715
83,5031,23.275949656951443
83,5032,21.584599614147667
83,5033,19.933147430423887
83,5034,16.71926423906425
83,5035,20.16839057207509
83,5036,15.230274796488933
83,5037,18.242678493264968
83,5038,15.949631184331365
83,5039,16.51229560375542
83,5040,15.83872586489039
83,5041,14.293884783986075
83,5042,11.149769872421283
83,5043,13.628769367935986
83,5044,13.527352362873861
83,5045,14.84045997261242
83,5046,10.535314679147909
83,5047,10.531778186561773
83,5048,11.276402324440339
83,5049,10.353310033673711
83,5050,8.367516472937341
83,5051,8.777649700643378
86,5142,21.924730539310683
86,5143,30.552482306963327
86,5144,28.94373089075664
86,5145,28.36021900175551
86,5146,26.5557414293342
86,5147,28.89600098133662
86,5148,25.503154098992653
86,5149,19.501609504212894
86,5150,21.845563799147182
86,5151,19.863998740915438
86,5152,20.381768345822397
86,5153,21.541804969315045
86,5154,16.437010020020896
86,5155,13.236304521563302
86,5156,18.305035829534702
86,5157,18.22937875986462
86,5158,13.182900398972274
86,5159,14.469200670711745
86,5160,14.598121047022863
86,5161,10.926335155966072
86,5162,11.854649037125085
86,5163,9.63064715265735
86,5164,9.651503339411748
87,5163,32.786290347559365
87,5164,27.94538050890525
87,5165,28.766638040548326
87,5166,28.438657522207198
87,5167,27.42209494112519
87,5168,22.68617212772821
87,5169,22.368213683371227
87,5170,22.782747745502263
87,5171,18.622663021091352
87,5172,17.77056947350856
87,5173,16.7750354111228
87,5174,18.270657956590842
87,5175,17.163817584518032
87,5176,13.584262132647355
87,5177,14.78960126637656
87,5178,12.535482198002448
87,5179,15.850471258166605
87,5180,10.498960018160048
87,5181,12.36867964267098
88,5172,24.56747621298325
88,5173,29.711287915712543
88,5174,26.093210577951435
88,5175,26.344077587132926
88,5176,21.83646440506416
88,5177,25.59570103882434
88,5178,21.560172736649037
88,5179,22.815178334717523
88,5180,18.768270760778346
88,5181,16.55854493378746
88,5182,16.20616436004961
88,5183,16.202673465016726
88,5184,16.96712851523485
88,5185,14.735497087243152
88,5186,14.87784728408156
88,5187,13.182046115401029
88,5188,11.529440581792656
88,5189,13.919270038607506
88,5190,11.309023350479467
88,5191,11.056397482755001
88,5192,6.537126079198354
88,5193,10.230958387257704
90,5223,30.216334462171844
90,5224,31.269098818286157
90,5225,29.722183048731043
90,5226,28.719769120222082
90,5227,28.112986385807915
90,5228,22.399823516611743
90,5229,22.599955201153485
90,5230,22.124497443441978
90,5231,19.820285439481133
90,5232,17.3822875320946
90,5233,17.481765300038955
90,5234,19.075578153123633
90,5235,16.36319831014005
90,5236,15.548335164788478
90,5237,16.74684673548078
90,5238,13.14224079250617
90,5239,15.167739093306698
90,5240,9.425830990077941
90,5241,11.202233210208261
92,5302,32.34836608169808
92,5303,31.851929426199575
92,5304,34.471795856959524
92,5305,31.47949129343659
92,5306,29.222028851494144
92,5307,20.61689749360495
92,5308,24.472370445733173
92,5309,22.465305626380875
92,5310,20.68206444383079
92,5311,17.183117419484695
92,5312,21.071380376819988
92,5313,19.55186069010688
92,5314,15.789971351626676
92,5315,16.2652882933649
92,5316,12.867528945210156
92,5317,14.248572885982853
92,5318,11.326531469824184
93,5365,7.80680470168746
93,5366,12.053281366827502
93,5367,2.0163395628322776
93,5368,16.36066630482999
94,5362,30.215132832533172
94,5363,37.67638921735744
94,5364,36.785903871066736
94,5365,25.807737708096873
94,5366,31.072624325758444
94,5367,27.65226602552907
94,5368,24.65582817793383
94,5369,22.604641020302502
94,5370,22.111031413066996
94,5371,22.1060411632105
94,5372,20.47791481018474
94,5373,18.973553627733192
94,5374,15.56222766637006
94,5375,15.57452693581891
94,5376,19.777193069461944
94,5377,7.854452133174694
94,5378,13.049869537356113
95,5375,28.96180629730801
95,5376,42.12090343237761
95,5377,20.564790219058008
95,5378,38.909945189960595
95,5379,24.613089859490522
95,5380,24.294727742676802
95,5381,22.908835709083284
95,5382,13.601294159891928
95,5383,16.738094687465182
95,5384,20.043921321620225
95,5385,19.582393616441806
95,5386,17.52511382103315
95,5387,17.810338586572374
95,5388,17.022687792769307
95,5389,16.502618193629687
95,5390,14.194200485947572
95,5391,17.390234917405728
95,5392,10.041351690883268
95,5393,10.467806831004319
96,5377,6.928065419193539
96,5378,38.708672225483014
96,5379,38.21116000414655
96,5380,30.70348799229279
96,5381,27.6259025931217
96,5382,28.387832343583987
96,5383,27.507606446748486
96,5384,21.33677020667892
96,5385,24.188573956494377
96,5386,23.14977049828036
96,5387,26.063395142560424
96,5388,20.580961257208784
96,5389,19.11213666201018
96,5390,19.37300562858967
96,5391,13.938427716496381
96,5392,15.795267373315362
96,5393,17.335547357801072
96,5394,14.290959835055332
96,5395,15.142474025480153
96,5396,12.059567123653904
97,5425,28.79888355731514
97,5426,69.86838519574601
97,5445,17.762109856856046
97,5446,10.47626249492377
97,5447,9.772039800884285
97,5448,18.023654669526824
98,5446,22.985908985142512
98,5447,14.16198447346969
98,5448,12.058023512365834
98,5449,11.38871848582639
99,5428,5.449820905924928
99,5430,25.860982239251513
99,5431,32.2356677055194
99,5435,28.750359714031834
99,5437,22.910941243176254
99,5439,19.142214953896392
99,5440,21.899702847008296
99,5441,17.94724389911055
99,5442,16.21639966963892
99,5443,13.553747981789424
99,5444,15.7387921214135
99,5445,8.093985468145044
99,5446,9.071112871171849
99,5447,10.02413056791028
100,5520,26.113748252378457
100,5521,34.85469728708961
100,5522,32.616401910788355
100,5523,30.618215203291314
100,5524,26.084372699247368
100,5525,27.380228340631213
100,5526,27.2010111808831
100,5527,24.12478834389406
100,5528,21.77164345980124
100,5529,23.17745625973209
100,5530,17.452438026670116
100,5531,19.67539787291474
100,5532,18.123549520972997
100,5533,13.4342850744751
100,5534,17.3111312091262
100,5535,16.256294846537966
100,5536,7.510991245509689
100,5537,10.163425058128473
100,5538,11.608597934240125
101,5527,31.557801067812985
101,5528,33.85509431362826
101,5529,38.42117697001268
101,5530,31.645804345614057
101,5531,25.621860623346574
101,5532,25.92003911734143
101,5533,25.02406060696146
101,5534,23.9685764908668
101,5535,29.068922996526776
101,5536,15.590995699170353
101,5537,18.326624929908583
101,5538,19.407706707706062
101,5539,15.045072287324084
101,5540,15.74568405747727
101,5541,18.51161822677027
101,5542,11.837331354612017
101,5543,12.37279683351763
102,5531,28.968839049324473
102,5532,32.812771797186706
102,5533,31.398968696600488
102,5534,34.16353762148063
102,5535,36.980913877494544
102,5536,24.580860435967566
102,5537,26.438019275670545
102,5538,24.542783796774707
102,5539,20.585673898462577
102,5540,26.822712421422573
102,5541,23.234850168232775
102,5542,23.961270153510235
102,5543,15.77224329114274
102,5544,16.627390533688995
102,5545,18.82781445979109
102,5546,16.703224629167064
102,5547,16.242616921666517
102,5548,13.109122216704115
102,5549,12.739013582461517
103,5595,18.502762913694454
103,5596,20.932445973162046
103,5597,17.52837672829977
103,5598,19.871498197321078
103,5599,17.652737349262747
103,5600,14.133536964657734
103,5601,11.242306083443017
103,5602,12.002511173480569
103,5603,12.834627628328969
103,5604,10.63575670123312
103,5605,14.082113653424203
104,5616,27.094436287885337
104,5617,35.336982607823415
104,5618,30.888262689119763
104,5619,33.56691777706814
104,5620,29.30241197346142
104,5621,26.7153435945564
104,5622,19.45112496614843
104,5623,25.65765738487754
104,5624,25.85349351166356
104,5625,19.95587915182511
104,5626,16.949930191043414
104,5627,16.902912408104836
104,5628,16.48165270686478
104,5629,14.08361300826353
104,5630,16.999205052856013
104,5631,15.87414041160725
104,5632,13.309744745495584
104,5633,8.286433294417122
105,5646,26.658024787908136
105,5647,33.91998499632557
105,5648,34.566276669509136
105,5649,34.42405253646997
105,5650,30.84543317556995
105,5651,28.2569405436572
105,5652,23.58039110897765
105,5653,23.563233017926137
105,5654,25.264563560490867
105,5655,19.06953647733114
105,5656,19.543201178302304
105,5657,18.54026958346736
105,5658,20.164117813114366
105,5659,15.755015462628887
105,5660,16.792260557416444
105,5661,11.286785155536991
105,5662,10.93365557491997
105,5663,10.273524373764504
106,5710,26.118930280213785
106,5711,33.453318178660375
106,5712,30.92198878527303
106,5713,33.06042283771731
106,5714,23.938887119297977
106,5715,30.215315222746185
106,5716,23.81519705057618
106,5717,25.591184198843262
106,5718,21.717482954268007
106,5719,20.092167556289855
106,5720,19.28703680633512
106,5721,18.398978859189835
106,5722,17.053000777963216
106,5723,17.7540618181264
106,5724,12.580043077462436
106,5725,15.627033859494457
106,5726,13.028107434513776
106,5727,11.427922993892546
106,5728,9.153810068966779
107,5738,29.574578404411444
107,5739,33.16402316094105
107,5740,31.182597577578072
107,5741,29.084903597837513
107,5742,25.634348988519907
107,5743,23.702399432663867
107,5744,27.08894580603185
107,5745,23.64199072121364
107,5746,20.733749270443273
107,5747,18.85506033897775
107,5748,19.68788757920657
107,5749,19.125654995431653
107,5750,15.644934922459854
107,5751,15.98581150174459
107,5752,18.04082080720932
107,5753,10.845475941898597
107,5754,12.485960572960478
109,5761,28.68288069964026
109,5762,32.482240498072414
109,5763,32.67395943401573
109,5764,29.369603991514328
109,5765,31.318652629858523
109,5766,26.0100647807173
109,5767,23.284001648414147
109,5768,23.230338692669722
109,5769,21.763767153029004
109,5770,18.98230031131727
109,5771,18.593381345275763
109,5772,19.975439161066216
109,5773,16.60922929644915
109,5774,14.627096951000361
109,5775,16.00235670805296
109,5776,13.4138801693943
109,5777,11.072503477329311
109,5778,10.96916198730687
109,5779,11.228063553573934
